stock_code,entry_datetime,exit_datetime,entry_price,exit_price,shares,position_value,exit_value,pnl,pnl_pct,candles_held,entry_reason,exit_reason,capital_after_trade
IIFWEA,2025-04-01 11:45:00,2025-04-01 12:45:00,909.5,902.55,164,149158.0,148018.19999999998,-1139.8000000000175,-0.7641561297416279,12,"Entry signals: RSI_RECOVERY, BB_OVERSOLD, HIGH_VOLUME",TRAILING_STOP: -0.76%,998860.2
IIFWEA,2025-04-01 12:50:00,2025-04-01 14:20:00,904.0,899.95,165,149160.0,148491.75,-668.25,-0.4480088495575222,18,"Entry signals: RSI_RECOVERY, BB_OVERSOLD, HIGH_VOLUME",TRAILING_STOP: -0.45%,998191.95
IIFWEA,2025-04-01 14:25:00,2025-04-01 14:50:00,900.7,890.7,166,149516.2,147856.2,-1660.0,-1.1102475852115021,5,"Entry signals: RSI_RECOVERY, MACD_POSITIVE, BB_OVERSOLD",STOP_LOSS: -1.11%,996531.95
IIFWEA,2025-04-01 15:25:00,2025-04-02 09:25:00,888.85,877.55,168,149326.80000000002,147428.4,-1898.4000000000233,-1.2713056196208739,4,"Entry signals: RSI_RECOVERY, BB_OVERSOLD, HIGH_VOLUME",STOP_LOSS: -1.27%,994633.5499999999
IIFWEA,2025-04-02 09:50:00,2025-04-02 11:15:00,883.45,887.8,168,148419.6,149150.4,730.7999999999884,0.49238779783801356,17,"Entry signals: RSI_RECOVERY, MACD_POSITIVE, BB_OVERSOLD",TRAILING_STOP: 0.49%,995364.35
IIFWEA,2025-04-02 13:45:00,2025-04-02 14:25:00,889.45,886.05,167,148538.15,147970.35,-567.7999999999884,-0.3822586991961246,8,"Entry signals: RSI_RECOVERY, BB_OVERSOLD, HIGH_VOLUME",TRAILING_STOP: -0.38%,994796.5499999999
IIFWEA,2025-04-02 15:10:00,2025-04-03 09:20:00,886.3,888.2,168,148898.4,149217.6,319.20000000001164,0.21437436533905782,6,"Entry signals: RSI_RECOVERY, MACD_POSITIVE, BB_OVERSOLD, HIGH_VOLUME",TRAILING_STOP: 0.21%,995115.7499999999
IIFWEA,2025-04-03 11:05:00,2025-04-03 13:05:00,905.25,901.0,164,148461.0,147764.0,-697.0,-0.4694835680751174,24,"Entry signals: RSI_RECOVERY, BB_OVERSOLD, HIGH_VOLUME",TRAILING_STOP: -0.47%,994418.7499999999
IIFWEA,2025-04-03 13:15:00,2025-04-04 09:15:00,899.4,904.5,165,148401.0,149242.5,841.5,0.5670446964643095,28,"Entry signals: RSI_RECOVERY, BB_OVERSOLD, HIGH_VOLUME",TRAILING_STOP: 0.57%,995260.2499999999
IIFWEA,2025-04-04 11:45:00,2025-04-04 13:30:00,878.05,874.2,170,149268.5,148614.0,-654.5,-0.4384716132338705,21,"Entry signals: RSI_RECOVERY, BB_OVERSOLD, HIGH_VOLUME",TRAILING_STOP: -0.44%,994605.7499999999
IIFWEA,2025-04-04 13:35:00,2025-04-04 13:40:00,874.2,865.3,170,148614.0,147101.0,-1513.0,-1.0180736673530084,1,"Entry signals: MACD_POSITIVE, BB_OVERSOLD, HIGH_VOLUME",STOP_LOSS: -1.02%,993092.7499999999
IIFWEA,2025-04-04 15:15:00,2025-04-07 09:15:00,846.7,806.45,175,148172.5,141128.75,-7043.75,-4.753749852368017,4,"Entry signals: RSI_RECOVERY, MACD_POSITIVE, BB_OVERSOLD, HIGH_VOLUME",STOP_LOSS: -4.75%,986048.9999999999
IIFWEA,2025-04-08 15:10:00,2025-04-09 09:20:00,848.15,844.15,174,147578.1,146882.1,-696.0,-0.4716146907976183,6,"Entry signals: RSI_RECOVERY, BB_OVERSOLD, HIGH_VOLUME",TRAILING_STOP: -0.47%,985352.9999999999
IIFWEA,2025-04-09 09:55:00,2025-04-09 10:35:00,833.8,830.6,177,147582.6,147016.2,-566.3999999999942,-0.38378508035499725,8,"Entry signals: RSI_RECOVERY, BB_OVERSOLD, HIGH_VOLUME",TRAILING_STOP: -0.38%,984786.5999999999
IIFWEA,2025-04-09 10:40:00,2025-04-09 11:05:00,829.3,820.5,178,147615.4,146049.0,-1566.3999999999942,-1.0611358977450822,5,"Entry signals: RSI_RECOVERY, MACD_POSITIVE, BB_OVERSOLD",STOP_LOSS: -1.06%,983220.1999999998
IIFWEA,2025-04-09 11:35:00,2025-04-09 12:00:00,820.6,822.35,179,146887.4,147200.65,313.25,0.21325859127467708,5,"Entry signals: RSI_RECOVERY, MACD_POSITIVE, BB_OVERSOLD",TRAILING_STOP: 0.21%,983533.4499999998
IIFWEA,2025-04-09 13:05:00,2025-04-09 13:30:00,821.85,818.6,179,147111.15,146529.4,-581.75,-0.39544929123319345,5,"Entry signals: RSI_RECOVERY, MACD_POSITIVE, BB_OVERSOLD",TRAILING_STOP: -0.40%,982951.6999999998
IIFWEA,2025-04-09 13:35:00,2025-04-09 15:05:00,819.9,810.0,179,146762.1,144990.0,-1772.1000000000058,-1.2074643249176766,18,"Entry signals: RSI_RECOVERY, BB_OVERSOLD, HIGH_VOLUME",STOP_LOSS: -1.21%,981179.5999999999
IIFWEA,2025-04-09 15:10:00,2025-04-11 09:20:00,808.45,830.05,182,147137.9,151069.1,3931.2000000000116,2.6717793308182403,6,"Entry signals: RSI_RECOVERY, BB_OVERSOLD, HIGH_VOLUME",PROFIT_TARGET: 2.67%,985110.7999999998
IIFWEA,2025-04-11 11:05:00,2025-04-11 11:45:00,820.9,838.1,180,147762.0,150858.0,3096.0,2.095261298574735,8,"Entry signals: RSI_RECOVERY, BB_OVERSOLD, HIGH_VOLUME",PROFIT_TARGET: 2.10%,988206.7999999998
IIFWEA,2025-04-15 12:00:00,2025-04-15 12:20:00,927.75,931.1,159,147512.25,148044.9,532.6499999999942,0.3610886553489586,4,"Entry signals: RSI_RECOVERY, BB_OVERSOLD, HIGH_VOLUME",TRAILING_STOP: 0.36%,988739.4499999998
IIFWEA,2025-04-16 14:35:00,2025-04-17 09:15:00,929.1,959.75,159,147726.9,152600.25,4873.350000000006,3.298891400279845,12,"Entry signals: RSI_RECOVERY, BB_OVERSOLD, HIGH_VOLUME",PROFIT_TARGET: 3.30%,993612.7999999998
IIFWEA,2025-04-17 13:15:00,2025-04-17 14:15:00,974.8,969.5,152,148169.6,147364.0,-805.6000000000058,-0.5437012720558102,12,"Entry signals: RSI_RECOVERY, BB_OVERSOLD, HIGH_VOLUME",TRAILING_STOP: -0.54%,992807.1999999998
IIFWEA,2025-04-17 15:25:00,2025-04-21 10:15:00,956.45,980.0,155,148249.75,151900.0,3650.25,2.46223012180459,14,"Entry signals: RSI_RECOVERY, BB_OVERSOLD, HIGH_VOLUME",PROFIT_TARGET: 2.46%,996457.4499999998
IIFWEA,2025-04-21 12:25:00,2025-04-21 13:45:00,965.0,964.4,154,148610.0,148517.6,-92.39999999999418,-0.06217616580310489,16,"Entry signals: RSI_RECOVERY, BB_OVERSOLD, HIGH_VOLUME",TRAILING_STOP: -0.06%,996365.0499999998
IIFWEA,2025-04-21 15:00:00,2025-04-21 15:15:00,951.0,952.25,157,149307.0,149503.25,196.25,0.13144058885383808,3,"Entry signals: RSI_RECOVERY, BB_OVERSOLD, HIGH_VOLUME",TRAILING_STOP: 0.13%,996561.2999999998
IIFWEA,2025-04-21 15:25:00,2025-04-22 09:25:00,949.0,955.7,157,148993.0,150044.9,1051.8999999999942,0.7060063224446746,4,"Entry signals: RSI_RECOVERY, BB_OVERSOLD, HIGH_VOLUME",TRAILING_STOP: 0.71%,997613.1999999998
IIFWEA,2025-04-23 12:30:00,2025-04-23 14:30:00,1039.0,1043.25,144,149616.0,150228.0,612.0,0.40904716073147257,24,"Entry signals: RSI_RECOVERY, BB_OVERSOLD, HIGH_VOLUME",TRAILING_STOP: 0.41%,998225.1999999998
IIFWEA,2025-04-24 09:20:00,2025-04-24 09:45:00,1035.25,1040.5,144,149076.0,149832.0,756.0,0.5071238831200193,5,"Entry signals: RSI_RECOVERY, BB_OVERSOLD, HIGH_VOLUME",TRAILING_STOP: 0.51%,998981.1999999998
IIFWEA,2025-04-24 13:25:00,2025-04-24 13:50:00,1035.95,1024.75,144,149176.80000000002,147564.0,-1612.8000000000175,-1.0811332593271992,5,"Entry signals: RSI_RECOVERY, BB_OVERSOLD, HIGH_VOLUME",STOP_LOSS: -1.08%,997368.3999999998
IIFWEA,2025-04-24 14:55:00,2025-04-24 15:10:00,1013.9,1013.85,147,149043.3,149035.95,-7.349999999976717,-0.004931452805981025,3,"Entry signals: RSI_RECOVERY, MACD_POSITIVE, BB_OVERSOLD",TRAILING_STOP: -0.00%,997361.0499999998
IIFWEA,2025-04-25 09:20:00,2025-04-25 09:35:00,991.35,995.6,150,148702.5,149340.0,637.5,0.42870832702879913,3,"Entry signals: RSI_RECOVERY, BB_OVERSOLD, HIGH_VOLUME",TRAILING_STOP: 0.43%,997998.5499999998
IIFWEA,2025-04-25 10:50:00,2025-04-25 13:35:00,976.25,986.9,153,149366.25,150995.69999999998,1629.4499999999825,1.0909090909090793,33,"Entry signals: RSI_RECOVERY, MACD_POSITIVE, HIGH_VOLUME","TECHNICAL_EXIT (RSI_OVERBOUGHT, BB_OVERBOUGHT): 1.09%",999627.9999999998
IIFWEA,2025-04-25 14:40:00,2025-04-25 15:00:00,976.85,974.1,153,149458.05000000002,149037.30000000002,-420.75,-0.28151712135947177,4,"Entry signals: RSI_RECOVERY, BB_OVERSOLD, HIGH_VOLUME",TRAILING_STOP: -0.28%,999207.2499999998
IIFWEA,2025-04-25 15:20:00,2025-04-28 09:15:00,971.35,966.7,154,149587.9,148871.80000000002,-716.0999999999767,-0.4787151901991918,3,"Entry signals: RSI_RECOVERY, BB_OVERSOLD, HIGH_VOLUME",TRAILING_STOP: -0.48%,998491.1499999998
IIFWEA,2025-04-28 11:15:00,2025-04-28 14:25:00,980.0,980.0,152,148960.0,148960.0,0.0,0.0,38,"Entry signals: RSI_RECOVERY, BB_OVERSOLD, HIGH_VOLUME",TRAILING_STOP: 0.00%,998491.1499999998
IIFWEA,2025-04-29 14:10:00,2025-04-29 15:20:00,982.9,981.95,152,149400.8,149256.4,-144.39999999999418,-0.09665276223420102,14,"Entry signals: RSI_RECOVERY, BB_OVERSOLD, HIGH_VOLUME",TRAILING_STOP: -0.10%,998346.7499999999
IIFWEA,2025-04-30 14:15:00,2025-04-30 14:40:00,999.7,992.65,149,148955.30000000002,147904.85,-1050.4500000000116,-0.7052115634690485,5,"Entry signals: RSI_RECOVERY, BB_OVERSOLD, HIGH_VOLUME",TRAILING_STOP: -0.71%,997296.2999999998
IIFWEA,2025-04-30 15:05:00,2025-05-02 09:20:00,987.4,971.6,151,149097.4,146711.6,-2385.7999999999884,-1.6001620417257365,7,"Entry signals: RSI_RECOVERY, BB_OVERSOLD, HIGH_VOLUME",STOP_LOSS: -1.60%,994910.4999999998
IIFWEA,2025-05-02 10:05:00,2025-05-02 11:20:00,965.85,956.0,154,148740.9,147224.0,-1516.8999999999942,-1.01982709530465,15,"Entry signals: RSI_RECOVERY, MACD_POSITIVE, BB_OVERSOLD",STOP_LOSS: -1.02%,993393.5999999997
IIFWEA,2025-05-02 11:30:00,2025-05-02 12:10:00,955.55,952.5,155,148110.25,147637.5,-472.75,-0.3191879022552457,8,"Entry signals: RSI_RECOVERY, MACD_POSITIVE, BB_OVERSOLD",TRAILING_STOP: -0.32%,992920.8499999997
IIFWEA,2025-05-02 12:15:00,2025-05-02 14:30:00,951.2,946.35,156,148387.2,147630.6,-756.6000000000058,-0.5098822539949577,27,"Entry signals: RSI_RECOVERY, MACD_POSITIVE, BB_OVERSOLD",TRAILING_STOP: -0.51%,992164.2499999997
IIFWEA,2025-05-02 15:05:00,2025-05-05 09:15:00,946.6,936.0,157,148616.2,146952.0,-1664.2000000000116,-1.119797168814713,6,"Entry signals: RSI_RECOVERY, MACD_POSITIVE, BB_OVERSOLD",STOP_LOSS: -1.12%,990500.0499999996
IIFWEA,2025-05-05 10:25:00,2025-05-05 13:05:00,931.05,945.35,159,148036.94999999998,150310.65,2273.7000000000116,1.5359003275871408,32,"Entry signals: RSI_RECOVERY, MACD_POSITIVE, BB_OVERSOLD","TECHNICAL_EXIT (RSI_OVERBOUGHT, BB_OVERBOUGHT): 1.54%",992773.7499999997
IIFWEA,2025-05-05 15:15:00,2025-05-06 09:20:00,934.9,924.85,159,148649.1,147051.15,-1597.9500000000116,-1.0749812814204804,5,"Entry signals: RSI_RECOVERY, BB_OVERSOLD, HIGH_VOLUME",STOP_LOSS: -1.07%,991175.7999999997
IIFWEA,2025-05-06 09:45:00,2025-05-06 10:00:00,927.55,915.3,160,148408.0,146448.0,-1960.0,-1.3206835211039836,3,"Entry signals: RSI_RECOVERY, BB_OVERSOLD, HIGH_VOLUME",STOP_LOSS: -1.32%,989215.7999999997
IIFWEA,2025-05-06 12:55:00,2025-05-06 14:25:00,912.0,912.0,162,147744.0,147744.0,0.0,0.0,18,"Entry signals: RSI_RECOVERY, BB_OVERSOLD, HIGH_VOLUME",TRAILING_STOP: 0.00%,989215.7999999997
IIFWEA,2025-05-06 15:00:00,2025-05-07 09:25:00,911.5,930.8,162,147663.0,150789.6,3126.600000000006,2.11738891936369,9,"Entry signals: RSI_RECOVERY, MACD_POSITIVE, BB_OVERSOLD",PROFIT_TARGET: 2.12%,992342.3999999997
IIFWEA,2025-05-08 11:10:00,2025-05-08 12:55:00,927.95,929.15,160,148472.0,148664.0,192.0,0.12931731235519156,21,"Entry signals: RSI_RECOVERY, BB_OVERSOLD, HIGH_VOLUME",TRAILING_STOP: 0.13%,992534.3999999997
IIFWEA,2025-05-08 13:15:00,2025-05-08 13:35:00,926.8,912.7,160,148288.0,146032.0,-2256.0,-1.5213638325420802,4,"Entry signals: RSI_RECOVERY, BB_OVERSOLD, HIGH_VOLUME",STOP_LOSS: -1.52%,990278.3999999997
IIFWEA,2025-05-08 15:00:00,2025-05-09 09:15:00,911.6,907.9,162,147679.2,147079.8,-599.4000000000233,-0.4058797718297656,7,"Entry signals: RSI_RECOVERY, MACD_POSITIVE, BB_OVERSOLD",TRAILING_STOP: -0.41%,989678.9999999998
IIFWEA,2025-05-09 09:20:00,2025-05-09 09:50:00,910.6,901.0,163,148427.80000000002,146863.0,-1564.8000000000175,-1.0542499450911604,6,"Entry signals: RSI_RECOVERY, MACD_POSITIVE, BB_OVERSOLD",STOP_LOSS: -1.05%,988114.1999999997
IIFWEA,2025-05-09 10:25:00,2025-05-09 12:55:00,900.5,915.45,164,147682.0,150133.80000000002,2451.8000000000175,1.660188784008896,30,"Entry signals: RSI_RECOVERY, MACD_POSITIVE, BB_OVERSOLD","TECHNICAL_EXIT (RSI_OVERBOUGHT, BB_OVERBOUGHT): 1.66%",990565.9999999998
IIFWEA,2025-05-12 15:05:00,2025-05-13 09:15:00,962.15,988.85,154,148171.1,152282.9,4111.799999999988,2.7750350776905806,6,"Entry signals: RSI_RECOVERY, BB_OVERSOLD, HIGH_VOLUME",PROFIT_TARGET: 2.78%,994677.7999999998
IIFWEA,2025-05-13 14:15:00,2025-05-14 09:35:00,965.35,975.2,154,148663.9,150180.80000000002,1516.9000000000233,1.0203553115450512,20,"Entry signals: RSI_RECOVERY, BB_OVERSOLD, HIGH_VOLUME",TRAILING_STOP: 1.02%,996194.6999999998
IIFWEA,2025-05-14 14:35:00,2025-05-15 09:30:00,982.95,989.7,152,149408.4,150434.4,1026.0,0.6867083778422097,15,"Entry signals: RSI_RECOVERY, BB_OVERSOLD, HIGH_VOLUME",TRAILING_STOP: 0.69%,997220.6999999998
IIFWEA,2025-05-15 11:25:00,2025-05-15 12:25:00,978.8,1004.0,152,148777.6,152608.0,3830.399999999994,2.5745811197384514,12,"Entry signals: RSI_RECOVERY, MACD_POSITIVE, BB_OVERSOLD",PROFIT_TARGET: 2.57%,1001051.0999999999
IIFWEA,2025-05-16 10:35:00,2025-05-16 13:25:00,1018.45,1023.75,147,149712.15,150491.25,779.1000000000058,0.5203986449997584,34,"Entry signals: RSI_RECOVERY, BB_OVERSOLD, HIGH_VOLUME",TRAILING_STOP: 0.52%,1001830.1999999998
IIFWEA,2025-05-16 15:00:00,2025-05-19 09:30:00,999.2,1023.15,150,149880.0,153472.5,3592.5,2.3969175340272217,10,"Entry signals: RSI_RECOVERY, BB_OVERSOLD, HIGH_VOLUME",PROFIT_TARGET: 2.40%,1005422.6999999998
IIFWEA,2025-05-19 13:25:00,2025-05-20 09:15:00,1020.85,1019.0,147,150064.95,149793.0,-271.95000000001164,-0.18122153107705138,26,"Entry signals: RSI_RECOVERY, BB_OVERSOLD, HIGH_VOLUME",TRAILING_STOP: -0.18%,1005150.7499999998
IIFWEA,2025-05-20 10:45:00,2025-05-20 13:20:00,986.0,998.9,152,149872.0,151832.8,1960.7999999999884,1.308316430020276,31,"Entry signals: RSI_RECOVERY, MACD_POSITIVE, BB_OVERSOLD","TECHNICAL_EXIT (RSI_OVERBOUGHT, BB_OVERBOUGHT): 1.31%",1007111.5499999998
IIFWEA,2025-05-20 15:00:00,2025-05-21 10:50:00,993.0,1001.8,152,150936.0,152273.6,1337.6000000000058,0.8862034239677783,26,"Entry signals: RSI_RECOVERY, BB_OVERSOLD, HIGH_VOLUME",TRAILING_STOP: 0.89%,1008449.1499999998
IIFWEA,2025-05-21 11:25:00,2025-05-21 15:05:00,999.0,1009.5,151,150849.0,152434.5,1585.5,1.0510510510510511,44,"Entry signals: RSI_RECOVERY, BB_OVERSOLD, HIGH_VOLUME","TECHNICAL_EXIT (RSI_OVERBOUGHT, BB_OVERBOUGHT): 1.05%",1010034.6499999998
IIFWEA,2025-05-22 10:50:00,2025-05-22 11:30:00,992.25,989.0,152,150822.0,150328.0,-494.0,-0.327538422776518,8,"Entry signals: RSI_RECOVERY, BB_OVERSOLD, HIGH_VOLUME",TRAILING_STOP: -0.33%,1009540.6499999998
IIFWEA,2025-05-22 14:25:00,2025-05-23 09:20:00,985.3,988.1,153,150750.9,151179.30000000002,428.4000000000233,0.28417740789608775,15,"Entry signals: RSI_RECOVERY, MACD_POSITIVE, BB_OVERSOLD",TRAILING_STOP: 0.28%,1009969.0499999998
IIFWEA,2025-05-26 12:05:00,2025-05-26 13:35:00,1021.3,1016.0,148,151152.4,150368.0,-784.3999999999942,-0.5189464408107276,18,"Entry signals: RSI_RECOVERY, BB_OVERSOLD, HIGH_VOLUME",TRAILING_STOP: -0.52%,1009184.6499999998
IIFWEA,2025-05-26 13:50:00,2025-05-27 09:15:00,1013.25,1012.6,149,150974.25,150877.4,-96.85000000000582,-0.06415001233654469,21,"Entry signals: RSI_RECOVERY, BB_OVERSOLD, HIGH_VOLUME",TRAILING_STOP: -0.06%,1009087.7999999998
IIFWEA,2025-05-27 11:00:00,2025-05-27 14:20:00,1002.0,1007.75,151,151302.0,152170.25,868.25,0.5738522954091816,40,"Entry signals: MACD_POSITIVE, BB_OVERSOLD, HIGH_VOLUME",TRAILING_STOP: 0.57%,1009956.0499999998
IIFWEA,2025-05-27 14:25:00,2025-05-28 09:25:00,1008.15,1014.0,150,151222.5,152100.0,877.5,0.5802707930367506,16,"Entry signals: RSI_RECOVERY, BB_OVERSOLD, HIGH_VOLUME",TRAILING_STOP: 0.58%,1010833.5499999998
IIFWEA,2025-05-28 11:50:00,2025-05-28 14:25:00,1013.7,1024.95,149,151041.30000000002,152717.55000000002,1676.25,1.1097957975732464,31,"Entry signals: RSI_RECOVERY, BB_OVERSOLD, HIGH_VOLUME","TECHNICAL_EXIT (RSI_OVERBOUGHT, BB_OVERBOUGHT): 1.11%",1012509.7999999998
IIFWEA,2025-05-29 10:15:00,2025-05-29 12:15:00,1014.35,1017.15,149,151138.15,151555.35,417.20000000001164,0.27603884260857475,24,"Entry signals: RSI_RECOVERY, BB_OVERSOLD, HIGH_VOLUME",TRAILING_STOP: 0.28%,1012926.9999999998
IIFWEA,2025-05-30 12:25:00,2025-05-30 13:20:00,1001.85,999.55,151,151279.35,150932.05,-347.30000000001746,-0.2295752857214269,11,"Entry signals: RSI_RECOVERY, BB_OVERSOLD, HIGH_VOLUME",TRAILING_STOP: -0.23%,1012579.6999999997
IIFWEA,2025-05-30 13:50:00,2025-05-30 15:15:00,999.25,996.95,152,151886.0,151536.4,-349.6000000000058,-0.23017262947210793,17,"Entry signals: RSI_RECOVERY, MACD_POSITIVE, BB_OVERSOLD",TRAILING_STOP: -0.23%,1012230.0999999997
IIFWEA,2025-06-02 15:25:00,2025-06-03 09:20:00,1019.0,1021.1,149,151831.0,152143.9,312.8999999999942,0.20608439646712082,3,"Entry signals: RSI_RECOVERY, BB_OVERSOLD, HIGH_VOLUME",TRAILING_STOP: 0.21%,1012542.9999999998
IIFWEA,2025-06-03 12:00:00,2025-06-03 12:55:00,1024.05,1021.85,148,151559.4,151233.80000000002,-325.5999999999767,-0.21483326009470657,11,"Entry signals: RSI_RECOVERY, BB_OVERSOLD, HIGH_VOLUME",TRAILING_STOP: -0.21%,1012217.3999999998
IIFWEA,2025-06-03 14:25:00,2025-06-04 09:30:00,1012.0,1008.5,150,151800.0,151275.0,-525.0,-0.3458498023715415,17,"Entry signals: RSI_RECOVERY, MACD_POSITIVE, BB_OVERSOLD",TRAILING_STOP: -0.35%,1011692.3999999998
IIFWEA,2025-06-06 12:40:00,2025-06-06 12:55:00,1085.15,1086.1,139,150835.85,150967.9,132.04999999998836,0.0875455006220261,3,"Entry signals: RSI_RECOVERY, BB_OVERSOLD, HIGH_VOLUME",TRAILING_STOP: 0.09%,1011824.4499999998
IIFWEA,2025-06-06 13:45:00,2025-06-06 14:05:00,1094.75,1079.65,138,151075.5,148991.7,-2083.7999999999884,-1.3793103448275785,4,"Entry signals: RSI_RECOVERY, MACD_POSITIVE, HIGH_VOLUME",STOP_LOSS: -1.38%,1009740.6499999999
IIFWEA,2025-06-06 14:10:00,2025-06-06 14:35:00,1073.05,1058.4,141,151300.05,149234.40000000002,-2065.649999999965,-1.3652672289268677,5,"Entry signals: RSI_RECOVERY, BB_OVERSOLD, HIGH_VOLUME",STOP_LOSS: -1.37%,1007674.9999999999
IIFWEA,2025-06-06 15:10:00,2025-06-09 09:20:00,1063.7,1061.1,142,151045.4,150676.19999999998,-369.20000000001164,-0.2444298204381012,6,"Entry signals: RSI_RECOVERY, BB_OVERSOLD, HIGH_VOLUME",TRAILING_STOP: -0.24%,1007305.7999999998
IIFWEA,2025-06-09 09:40:00,2025-06-09 10:05:00,1058.85,1083.95,142,150356.69999999998,153920.9,3564.2000000000116,2.3704962931482347,5,"Entry signals: RSI_RECOVERY, MACD_POSITIVE, BB_OVERSOLD",PROFIT_TARGET: 2.37%,1010869.9999999999
IIFWEA,2025-06-09 11:00:00,2025-06-09 12:10:00,1066.1,1061.95,142,151386.19999999998,150796.9,-589.2999999999884,-0.3892692993152536,14,"Entry signals: RSI_RECOVERY, MACD_POSITIVE, HIGH_VOLUME",TRAILING_STOP: -0.39%,1010280.7
IIFWEA,2025-06-09 13:25:00,2025-06-09 15:30:00,1060.55,1065.6,142,150598.1,151315.19999999998,717.0999999999767,0.47616802602421726,25,"Entry signals: RSI_RECOVERY, BB_OVERSOLD, HIGH_VOLUME",TRAILING_STOP: 0.48%,1010997.7999999999
IIFWEA,2025-06-10 11:55:00,2025-06-10 13:30:00,1056.5,1051.8,143,151079.5,150407.4,-672.1000000000058,-0.44486512068149936,19,"Entry signals: RSI_RECOVERY, MACD_POSITIVE, BB_OVERSOLD",TRAILING_STOP: -0.44%,1010325.7
IIFWEA,2025-06-11 12:55:00,2025-06-11 13:50:00,1080.15,1074.0,140,151221.0,150360.0,-861.0,-0.5693653659213999,11,"Entry signals: RSI_RECOVERY, BB_OVERSOLD, HIGH_VOLUME",TRAILING_STOP: -0.57%,1009464.7
IIFWEA,2025-06-12 14:10:00,2025-06-12 15:15:00,1093.45,1077.8,138,150896.1,148736.4,-2159.7000000000116,-1.431249714207333,13,"Entry signals: RSI_RECOVERY, BB_OVERSOLD, HIGH_VOLUME",STOP_LOSS: -1.43%,1007305.0
IIFWEA,2025-06-12 15:20:00,2025-06-13 09:15:00,1082.9,1071.95,139,150523.1,149001.05000000002,-1522.0499999999884,-1.0111737002493226,3,"Entry signals: RSI_RECOVERY, BB_OVERSOLD, HIGH_VOLUME",STOP_LOSS: -1.01%,1005782.9500000001
IIFWEA,2025-06-13 09:40:00,2025-06-13 09:50:00,1071.95,1070.3,140,150073.0,149842.0,-231.0,-0.1539250897896357,2,"Entry signals: RSI_RECOVERY, BB_OVERSOLD, HIGH_VOLUME",TRAILING_STOP: -0.15%,1005551.9500000001
IIFWEA,2025-06-13 15:25:00,2025-06-16 09:25:00,1136.25,1132.2,132,149985.0,149450.4,-534.6000000000058,-0.3564356435643603,4,"Entry signals: RSI_RECOVERY, BB_OVERSOLD, HIGH_VOLUME",TRAILING_STOP: -0.36%,1005017.3500000001
IIFWEA,2025-06-16 14:05:00,2025-06-16 14:40:00,1165.75,1162.6,129,150381.75,149975.4,-406.3500000000058,-0.2702123096718889,7,"Entry signals: RSI_RECOVERY, BB_OVERSOLD, HIGH_VOLUME",TRAILING_STOP: -0.27%,1004611.0000000001
IIFWEA,2025-06-17 11:00:00,2025-06-17 11:50:00,1155.95,1150.15,130,150273.5,149519.5,-754.0,-0.5017518058739565,10,"Entry signals: RSI_RECOVERY, BB_OVERSOLD, HIGH_VOLUME",TRAILING_STOP: -0.50%,1003857.0000000001
IIFWEA,2025-06-17 12:45:00,2025-06-17 13:35:00,1149.05,1148.2,131,150525.55,150414.2,-111.34999999997672,-0.07397415256079563,10,"Entry signals: RSI_RECOVERY, MACD_POSITIVE, BB_OVERSOLD",TRAILING_STOP: -0.07%,1003745.6500000001
IIFWEA,2025-06-17 13:50:00,2025-06-17 15:05:00,1145.4,1145.9,131,150047.40000000002,150112.90000000002,65.5,0.04365287235900122,15,"Entry signals: RSI_RECOVERY, MACD_POSITIVE, BB_OVERSOLD",TRAILING_STOP: 0.04%,1003811.1500000001
IIFWEA,2025-06-17 15:10:00,2025-06-18 09:20:00,1144.55,1144.0,131,149936.05,149864.0,-72.04999999998836,-0.0480538202787044,6,"Entry signals: RSI_RECOVERY, MACD_POSITIVE, BB_OVERSOLD",TRAILING_STOP: -0.05%,1003739.1000000001
IIFWEA,2025-06-18 11:35:00,2025-06-18 12:05:00,1134.0,1131.2,132,149688.0,149318.4,-369.6000000000058,-0.24691358024691748,6,"Entry signals: RSI_RECOVERY, BB_OVERSOLD, HIGH_VOLUME",TRAILING_STOP: -0.25%,1003369.5000000001
IIFWEA,2025-06-18 12:25:00,2025-06-18 13:50:00,1135.65,1128.55,132,149905.80000000002,148968.6,-937.2000000000116,-0.6251926209659743,17,"Entry signals: RSI_RECOVERY, MACD_POSITIVE, HIGH_VOLUME",TRAILING_STOP: -0.63%,1002432.3
IIFWEA,2025-06-18 15:10:00,2025-06-19 09:25:00,1119.05,1141.5,134,149952.69999999998,152961.0,3008.3000000000175,2.00616594432779,7,"Entry signals: RSI_RECOVERY, BB_OVERSOLD, HIGH_VOLUME",PROFIT_TARGET: 2.01%,1005440.6000000001
IIFWEA,2025-06-19 12:00:00,2025-06-19 12:35:00,1129.15,1124.8,133,150176.95,149598.4,-578.5500000000175,-0.3852455386795493,7,"Entry signals: RSI_RECOVERY, BB_OVERSOLD, HIGH_VOLUME",TRAILING_STOP: -0.39%,1004862.0500000002
IIFWEA,2025-06-19 12:55:00,2025-06-19 13:15:00,1120.3,1115.05,134,150120.19999999998,149416.69999999998,-703.5,-0.46862447558689646,4,"Entry signals: RSI_RECOVERY, BB_OVERSOLD, HIGH_VOLUME",TRAILING_STOP: -0.47%,1004158.5500000002
IIFWEA,2025-06-19 13:40:00,2025-06-19 15:30:00,1114.05,1106.0,135,150396.75,149310.0,-1086.75,-0.7225887527489789,22,"Entry signals: RSI_RECOVERY, BB_OVERSOLD, HIGH_VOLUME",TRAILING_STOP: -0.72%,1003071.8000000002
IIFWEA,2025-06-20 09:20:00,2025-06-20 09:55:00,1112.8,1116.0,135,150228.0,150660.0,432.0,0.28756290438533433,7,"Entry signals: RSI_RECOVERY, MACD_POSITIVE, BB_OVERSOLD, HIGH_VOLUME",TRAILING_STOP: 0.29%,1003503.8000000002
IIFWEA,2025-06-23 14:25:00,2025-06-24 09:30:00,1150.6,1164.95,130,149578.0,151443.5,1865.5,1.2471753867547366,17,"Entry signals: RSI_RECOVERY, BB_OVERSOLD, HIGH_VOLUME",TRAILING_STOP: 1.25%,1005369.3000000002
IIFWEA,2025-06-24 10:50:00,2025-06-24 12:40:00,1160.0,1163.7,130,150800.0,151281.0,481.0,0.31896551724137934,22,"Entry signals: RSI_RECOVERY, BB_OVERSOLD, HIGH_VOLUME",TRAILING_STOP: 0.32%,1005850.3000000002
IIFWEA,2025-06-24 13:45:00,2025-06-24 15:05:00,1159.45,1151.4,130,150728.5,149682.0,-1046.5,-0.6942947086980896,16,"Entry signals: RSI_RECOVERY, BB_OVERSOLD, HIGH_VOLUME",TRAILING_STOP: -0.69%,1004803.8000000002
IIFWEA,2025-06-24 15:25:00,2025-06-25 09:20:00,1151.55,1148.0,130,149701.5,149240.0,-461.5,-0.30828014415353217,3,"Entry signals: RSI_RECOVERY, BB_OVERSOLD, HIGH_VOLUME",TRAILING_STOP: -0.31%,1004342.3000000002
IIFWEA,2025-06-26 09:20:00,2025-06-26 10:00:00,1175.2,1171.7,128,150425.6,149977.6,-448.0,-0.2978216473791695,8,"Entry signals: RSI_RECOVERY, BB_OVERSOLD, HIGH_VOLUME",TRAILING_STOP: -0.30%,1003894.3000000002
IIFWEA,2025-06-26 15:15:00,2025-06-27 09:20:00,1165.55,1198.7,129,150355.94999999998,154632.30000000002,4276.350000000035,2.844150830080243,5,"Entry signals: RSI_RECOVERY, MACD_POSITIVE, HIGH_VOLUME",PROFIT_TARGET: 2.84%,1008170.6500000003
IIFWEA,2025-06-27 11:45:00,2025-06-27 12:25:00,1187.0,1174.4,127,150749.0,149148.80000000002,-1600.1999999999825,-1.0614995787699968,8,"Entry signals: RSI_RECOVERY, BB_OVERSOLD, HIGH_VOLUME",STOP_LOSS: -1.06%,1006570.4500000003
IIFWEA,2025-06-27 14:10:00,2025-06-27 14:50:00,1171.65,1196.2,128,149971.2,153113.6,3142.399999999994,2.095335637775782,8,"Entry signals: MACD_POSITIVE, BB_OVERSOLD, HIGH_VOLUME",PROFIT_TARGET: 2.10%,1009712.8500000002
IIFWEA,2025-07-01 09:55:00,2025-07-01 10:15:00,1185.6,1180.6,127,150571.19999999998,149936.19999999998,-635.0,-0.42172739541160603,4,"Entry signals: RSI_RECOVERY, BB_OVERSOLD, HIGH_VOLUME",TRAILING_STOP: -0.42%,1009077.8500000002
IIFWEA,2025-07-01 10:45:00,2025-07-01 12:35:00,1183.6,1190.2,127,150317.19999999998,151155.4,838.2000000000116,0.557620817843874,22,"Entry signals: RSI_RECOVERY, MACD_POSITIVE, BB_OVERSOLD",TRAILING_STOP: 0.56%,1009916.0500000003
IIFWEA,2025-07-01 12:45:00,2025-07-01 14:40:00,1185.7,1170.8,127,150583.9,148691.6,-1892.2999999999884,-1.2566416462848873,23,"Entry signals: RSI_RECOVERY, BB_OVERSOLD, HIGH_VOLUME",STOP_LOSS: -1.26%,1008023.7500000002
IIFWEA,2025-07-01 15:15:00,2025-07-02 09:20:00,1173.4,1169.0,128,150195.2,149632.0,-563.2000000000116,-0.3749786943923718,5,"Entry signals: RSI_RECOVERY, MACD_POSITIVE, BB_OVERSOLD, HIGH_VOLUME",TRAILING_STOP: -0.37%,1007460.5500000003
IIFWEA,2025-07-02 10:10:00,2025-07-02 12:10:00,1165.0,1178.6,129,150285.0,152039.4,1754.3999999999942,1.167381974248923,24,"Entry signals: RSI_RECOVERY, MACD_POSITIVE, HIGH_VOLUME",TRAILING_STOP: 1.17%,1009214.9500000003
IIFWEA,2025-07-02 12:35:00,2025-07-02 14:45:00,1173.6,1171.2,128,150220.8,149913.6,-307.19999999998254,-0.20449897750510088,26,"Entry signals: RSI_RECOVERY, BB_OVERSOLD, HIGH_VOLUME",TRAILING_STOP: -0.20%,1008907.7500000003
IIFWEA,2025-07-04 09:25:00,2025-07-04 10:15:00,1209.6,1233.9,125,151200.0,154237.5,3037.5,2.0089285714285716,10,"Entry signals: RSI_RECOVERY, BB_OVERSOLD, HIGH_VOLUME",PROFIT_TARGET: 2.01%,1011945.2500000003
IIFWEA,2025-07-07 11:20:00,2025-07-07 11:35:00,1254.8,1245.8,120,150576.0,149496.0,-1080.0,-0.7172457762193178,3,"Entry signals: RSI_RECOVERY, BB_OVERSOLD, HIGH_VOLUME",TRAILING_STOP: -0.72%,1010865.2500000003
IIFWEA,2025-07-07 13:45:00,2025-07-07 14:50:00,1244.9,1240.1,121,150632.90000000002,150052.09999999998,-580.8000000000466,-0.385573138404722,13,"Entry signals: RSI_RECOVERY, MACD_POSITIVE, HIGH_VOLUME",TRAILING_STOP: -0.39%,1010284.4500000003
IIFWEA,2025-07-08 14:25:00,2025-07-09 09:15:00,1212.0,1207.3,125,151500.0,150912.5,-587.5,-0.38778877887788776,14,"Entry signals: RSI_RECOVERY, BB_OVERSOLD, HIGH_VOLUME",TRAILING_STOP: -0.39%,1009696.9500000003
IIFWEA,2025-07-09 09:35:00,2025-07-09 13:45:00,1209.0,1194.6,125,151125.0,149325.0,-1800.0,-1.1910669975186103,50,"Entry signals: RSI_RECOVERY, BB_OVERSOLD, HIGH_VOLUME",STOP_LOSS: -1.19%,1007896.9500000003
IIFWEA,2025-07-09 14:45:00,2025-07-10 10:00:00,1193.9,1197.4,126,150431.40000000002,150872.40000000002,441.0,0.2931568808107881,19,"Entry signals: RSI_RECOVERY, MACD_POSITIVE, HIGH_VOLUME",TRAILING_STOP: 0.29%,1008337.9500000003
IIFWEA,2025-07-10 12:35:00,2025-07-10 15:05:00,1186.9,1198.6,127,150736.30000000002,152222.19999999998,1485.899999999965,0.9857612267250588,30,"Entry signals: RSI_RECOVERY, MACD_POSITIVE, BB_OVERSOLD","TECHNICAL_EXIT (RSI_OVERBOUGHT, BB_OVERBOUGHT): 0.99%",1009823.8500000002
IIFWEA,2025-07-11 14:10:00,2025-07-11 15:20:00,1195.9,1191.4,126,150683.40000000002,150116.40000000002,-567.0,-0.3762856426122585,14,"Entry signals: RSI_RECOVERY, BB_OVERSOLD, HIGH_VOLUME",TRAILING_STOP: -0.38%,1009256.8500000002
IIFWEA,2025-07-14 10:30:00,2025-07-14 10:50:00,1197.4,1185.1,126,150872.40000000002,149322.59999999998,-1549.8000000000466,-1.0272256555871362,4,"Entry signals: RSI_RECOVERY, MACD_POSITIVE, HIGH_VOLUME",STOP_LOSS: -1.03%,1007707.0500000002
IIFWEA,2025-07-14 10:55:00,2025-07-14 11:10:00,1184.8,1181.8,127,150469.6,150088.6,-381.0,-0.25320729237002026,3,"Entry signals: RSI_RECOVERY, BB_OVERSOLD, HIGH_VOLUME",TRAILING_STOP: -0.25%,1007326.0500000002
IIFWEA,2025-07-14 11:15:00,2025-07-14 14:45:00,1179.0,1187.9,128,150912.0,152051.2,1139.2000000000116,0.7548770144190069,42,"Entry signals: RSI_RECOVERY, BB_OVERSOLD, HIGH_VOLUME","TECHNICAL_EXIT (RSI_OVERBOUGHT, BB_OVERBOUGHT): 0.75%",1008465.2500000002
IIFWEA,2025-07-15 10:30:00,2025-07-15 13:05:00,1186.6,1204.9,127,150698.19999999998,153022.30000000002,2324.100000000035,1.5422214731164907,31,"Entry signals: RSI_RECOVERY, BB_OVERSOLD, HIGH_VOLUME","TECHNICAL_EXIT (RSI_OVERBOUGHT, BB_OVERBOUGHT): 1.54%",1010789.3500000003
IIFWEA,2025-07-16 09:20:00,2025-07-16 10:25:00,1190.5,1187.0,127,151193.5,150749.0,-444.5,-0.2939941201175977,13,"Entry signals: RSI_RECOVERY, BB_OVERSOLD, HIGH_VOLUME",TRAILING_STOP: -0.29%,1010344.8500000003
IIFWEA,2025-07-16 11:45:00,2025-07-17 09:15:00,1185.5,1190.5,127,150558.5,151193.5,635.0,0.42176296921130324,46,"Entry signals: RSI_RECOVERY, MACD_POSITIVE, BB_OVERSOLD",TRAILING_STOP: 0.42%,1010979.8500000003
IIFWEA,2025-07-17 11:25:00,2025-07-17 14:30:00,1202.5,1200.6,126,151515.0,151275.59999999998,-239.40000000002328,-0.15800415800417336,37,"Entry signals: RSI_RECOVERY, BB_OVERSOLD, HIGH_VOLUME",TRAILING_STOP: -0.16%,1010740.4500000003
IIFWEA,2025-07-18 09:25:00,2025-07-18 10:40:00,1187.8,1213.4,127,150850.6,154101.80000000002,3251.2000000000116,2.155244990739189,15,"Entry signals: RSI_RECOVERY, BB_OVERSOLD, HIGH_VOLUME",PROFIT_TARGET: 2.16%,1013991.6500000004
IIFWEA,2025-07-18 12:15:00,2025-07-18 15:25:00,1198.9,1197.0,126,151061.40000000002,150822.0,-239.40000000002328,-0.15847860538828795,38,"Entry signals: RSI_RECOVERY, BB_OVERSOLD, HIGH_VOLUME",TRAILING_STOP: -0.16%,1013752.2500000003
IIFWEA,2025-07-21 15:20:00,2025-07-22 09:15:00,1217.7,1160.0,124,150994.80000000002,143840.0,-7154.8000000000175,-4.738441323807188,3,"Entry signals: RSI_RECOVERY, BB_OVERSOLD, HIGH_VOLUME",STOP_LOSS: -4.74%,1006597.4500000003
IIFWEA,2025-07-22 10:45:00,2025-07-22 11:10:00,1140.2,1140.2,132,150506.4,150506.4,0.0,0.0,5,"Entry signals: RSI_RECOVERY, MACD_POSITIVE, BB_OVERSOLD",TRAILING_STOP: 0.00%,1006597.4500000003
IIFWEA,2025-07-22 11:20:00,2025-07-22 11:50:00,1140.6,1138.4,132,150559.19999999998,150268.80000000002,-290.3999999999651,-0.19288093985619287,6,"Entry signals: RSI_RECOVERY, MACD_POSITIVE, BB_OVERSOLD",TRAILING_STOP: -0.19%,1006307.0500000004
IIFWEA,2025-07-22 12:00:00,2025-07-22 14:25:00,1136.5,1139.0,132,150018.0,150348.0,330.0,0.21997360316761988,29,"Entry signals: RSI_RECOVERY, MACD_POSITIVE, BB_OVERSOLD",TRAILING_STOP: 0.22%,1006637.0500000004
IIFWEA,2025-07-23 12:05:00,2025-07-23 14:30:00,1134.9,1133.0,133,150941.7,150689.0,-252.70000000001164,-0.1674156313331648,29,"Entry signals: RSI_RECOVERY, BB_OVERSOLD, HIGH_VOLUME",TRAILING_STOP: -0.17%,1006384.3500000003
IIFWEA,2025-07-24 09:40:00,2025-07-24 11:10:00,1124.2,1131.7,134,150642.80000000002,151647.80000000002,1005.0,0.6671410780999821,18,"Entry signals: RSI_RECOVERY, MACD_POSITIVE, BB_OVERSOLD",TRAILING_STOP: 0.67%,1007389.3500000003
IIFWEA,2025-07-24 11:50:00,2025-07-24 12:15:00,1126.1,1122.0,134,150897.4,150348.0,-549.3999999999942,-0.3640884468519631,5,"Entry signals: RSI_RECOVERY, BB_OVERSOLD, HIGH_VOLUME",TRAILING_STOP: -0.36%,1006839.9500000003
IIFWEA,2025-07-24 12:20:00,2025-07-25 09:15:00,1123.7,1108.5,134,150575.80000000002,148539.0,-2036.8000000000175,-1.3526742012992907,39,"Entry signals: RSI_RECOVERY, BB_OVERSOLD, HIGH_VOLUME",STOP_LOSS: -1.35%,1004803.1500000003
IIFWEA,2025-07-25 10:10:00,2025-07-25 10:30:00,1102.1,1103.0,136,149885.59999999998,150008.0,122.40000000002328,0.08166228109973427,4,"Entry signals: RSI_RECOVERY, BB_OVERSOLD, HIGH_VOLUME",TRAILING_STOP: 0.08%,1004925.5500000003
IIFWEA,2025-07-25 11:25:00,2025-07-25 14:15:00,1100.1,1088.5,137,150713.69999999998,149124.5,-1589.1999999999825,-1.0544495954913076,34,"Entry signals: RSI_RECOVERY, MACD_POSITIVE, BB_OVERSOLD",STOP_LOSS: -1.05%,1003336.3500000003
IIFWEA,2025-07-25 14:25:00,2025-07-25 15:00:00,1087.1,1081.9,138,150019.8,149302.2,-717.5999999999767,-0.478336859534526,7,"Entry signals: RSI_RECOVERY, BB_OVERSOLD, HIGH_VOLUME",TRAILING_STOP: -0.48%,1002618.7500000002
IIFWEA,2025-07-28 10:00:00,2025-07-28 10:20:00,1072.6,1067.9,140,150164.0,149506.0,-658.0,-0.4381875815774753,4,"Entry signals: RSI_RECOVERY, MACD_POSITIVE, HIGH_VOLUME",TRAILING_STOP: -0.44%,1001960.7500000002
IIFWEA,2025-07-28 13:05:00,2025-07-28 14:30:00,1070.0,1066.5,140,149800.0,149310.0,-490.0,-0.3271028037383178,17,"Entry signals: RSI_RECOVERY, BB_OVERSOLD, HIGH_VOLUME",TRAILING_STOP: -0.33%,1001470.7500000002
IIFWEA,2025-07-29 09:45:00,2025-07-29 10:15:00,1067.3,1063.1,140,149422.0,148834.0,-588.0,-0.39351634966738497,6,"Entry signals: RSI_RECOVERY, BB_OVERSOLD, HIGH_VOLUME",TRAILING_STOP: -0.39%,1000882.7500000002
IIFWEA,2025-07-29 10:30:00,2025-07-29 13:30:00,1063.1,1074.6,141,149897.09999999998,151518.59999999998,1621.5,1.0817420750634938,36,"Entry signals: RSI_RECOVERY, BB_OVERSOLD, HIGH_VOLUME",TRAILING_STOP: 1.08%,1002504.2500000002
IIFWEA,2025-07-29 14:00:00,2025-07-30 09:15:00,1074.5,1068.2,139,149355.5,148479.80000000002,-875.6999999999825,-0.5863192182410306,19,"Entry signals: RSI_RECOVERY, BB_OVERSOLD, HIGH_VOLUME",TRAILING_STOP: -0.59%,1001628.5500000003
IIFWEA,2025-07-30 11:25:00,2025-07-30 11:55:00,1072.3,1066.4,140,150122.0,149296.0,-826.0,-0.5502191550871958,6,"Entry signals: RSI_RECOVERY, MACD_POSITIVE, HIGH_VOLUME",TRAILING_STOP: -0.55%,1000802.5500000003
IIFWEA,2025-07-30 12:05:00,2025-07-30 13:35:00,1066.0,1062.0,140,149240.0,148680.0,-560.0,-0.37523452157598497,18,"Entry signals: RSI_RECOVERY, BB_OVERSOLD, HIGH_VOLUME",TRAILING_STOP: -0.38%,1000242.5500000003
IIFWEA,2025-07-30 14:05:00,2025-07-30 14:45:00,1061.6,1057.9,141,149685.59999999998,149163.90000000002,-521.6999999999534,-0.34853051996982576,7,"Entry signals: RSI_RECOVERY, MACD_POSITIVE, BB_OVERSOLD",TRAILING_STOP: -0.35%,999720.8500000003
IIFWEA,2025-07-30 15:20:00,2025-07-31 09:20:00,1059.4,1050.5,141,149375.40000000002,148120.5,-1254.9000000000233,-0.8400981687747937,4,"Entry signals: RSI_RECOVERY, MACD_POSITIVE, BB_OVERSOLD",TRAILING_STOP: -0.84%,998465.9500000003
IIFWEA,2025-07-31 09:25:00,2025-07-31 09:40:00,1057.1,1053.7,141,149051.09999999998,148571.7,-479.3999999999651,-0.32163466086460624,3,"Entry signals: RSI_RECOVERY, BB_OVERSOLD, HIGH_VOLUME",TRAILING_STOP: -0.32%,997986.5500000003
IIFWEA,2025-07-31 09:50:00,2025-07-31 11:30:00,1053.0,1042.2,142,149526.0,147992.4,-1533.6000000000058,-1.0256410256410295,20,"Entry signals: RSI_RECOVERY, BB_OVERSOLD, HIGH_VOLUME",STOP_LOSS: -1.03%,996452.9500000003
IIFWEA,2025-07-31 11:40:00,2025-07-31 12:10:00,1041.8,1037.2,143,148977.4,148319.6,-657.7999999999884,-0.44154348243424063,6,"Entry signals: RSI_RECOVERY, BB_OVERSOLD, HIGH_VOLUME",TRAILING_STOP: -0.44%,995795.1500000003
IIFWEA,2025-07-31 15:10:00,2025-08-01 09:50:00,1051.3,1053.5,142,149284.6,149597.0,312.3999999999942,0.20926471987063244,12,"Entry signals: RSI_RECOVERY, BB_OVERSOLD, HIGH_VOLUME",TRAILING_STOP: 0.21%,996107.5500000003
IIFWEA,2025-08-01 14:00:00,2025-08-01 14:30:00,1060.1,1056.9,140,148414.0,147966.0,-448.0,-0.301858315253278,6,"Entry signals: RSI_RECOVERY, BB_OVERSOLD, HIGH_VOLUME",TRAILING_STOP: -0.30%,995659.5500000003
IIFWEA,2025-08-01 14:35:00,2025-08-04 09:40:00,1059.1,1051.7,141,149333.09999999998,148289.7,-1043.399999999965,-0.6987064488716602,17,"Entry signals: RSI_RECOVERY, BB_OVERSOLD, HIGH_VOLUME",TRAILING_STOP: -0.70%,994616.1500000004
IIFWEA,2025-08-04 09:55:00,2025-08-04 13:30:00,1045.9,1048.2,142,148517.80000000002,148844.4,326.5999999999767,0.21990630079355922,43,"Entry signals: RSI_RECOVERY, BB_OVERSOLD, HIGH_VOLUME",TRAILING_STOP: 0.22%,994942.7500000003
IIFWEA,2025-08-04 13:35:00,2025-08-04 15:30:00,1045.1,1052.0,142,148404.19999999998,149384.0,979.8000000000175,0.6602239020189574,23,"Entry signals: RSI_RECOVERY, BB_OVERSOLD, HIGH_VOLUME",TRAILING_STOP: 0.66%,995922.5500000004
IIFWEA,2025-08-05 12:55:00,2025-08-05 15:25:00,1061.6,1071.3,140,148624.0,149982.0,1358.0,0.913715146948003,30,"Entry signals: RSI_RECOVERY, BB_OVERSOLD, HIGH_VOLUME","TECHNICAL_EXIT (RSI_OVERBOUGHT, BB_OVERBOUGHT): 0.91%",997280.5500000004
IIFWEA,2025-08-06 10:35:00,2025-08-06 13:45:00,1052.8,1056.1,142,149497.6,149966.19999999998,468.5999999999767,0.31344984802430054,38,"Entry signals: RSI_RECOVERY, BB_OVERSOLD, HIGH_VOLUME",TRAILING_STOP: 0.31%,997749.1500000004
IIFWEA,2025-08-06 14:05:00,2025-08-06 15:30:00,1054.6,1053.1,141,148698.59999999998,148487.09999999998,-211.5,-0.14223402237815286,17,"Entry signals: RSI_RECOVERY, BB_OVERSOLD, HIGH_VOLUME",TRAILING_STOP: -0.14%,997537.6500000004
IIFWEA,2025-08-07 12:35:00,2025-08-07 13:35:00,1056.1,1051.3,141,148910.09999999998,148233.3,-676.7999999999884,-0.4545024145440695,12,"Entry signals: RSI_RECOVERY, BB_OVERSOLD, HIGH_VOLUME",TRAILING_STOP: -0.45%,996860.8500000003
IIFWEA,2025-08-07 13:40:00,2025-08-08 09:25:00,1051.4,1059.5,142,149298.80000000002,150449.0,1150.1999999999825,0.770401369602423,25,"Entry signals: RSI_RECOVERY, BB_OVERSOLD, HIGH_VOLUME",TRAILING_STOP: 0.77%,998011.0500000003
IIFWEA,2025-08-08 09:55:00,2025-08-08 13:50:00,1057.8,1047.0,141,149149.8,147627.0,-1522.7999999999884,-1.0209869540555794,47,"Entry signals: RSI_RECOVERY, BB_OVERSOLD, HIGH_VOLUME",STOP_LOSS: -1.02%,996488.2500000002
IIFWEA,2025-08-08 15:10:00,2025-08-11 09:50:00,1046.0,1033.0,142,148532.0,146686.0,-1846.0,-1.24282982791587,12,"Entry signals: RSI_RECOVERY, MACD_POSITIVE, BB_OVERSOLD",STOP_LOSS: -1.24%,994642.2500000002
IIFWEA,2025-08-11 09:55:00,2025-08-11 10:50:00,1039.0,1034.0,143,148577.0,147862.0,-715.0,-0.4812319538017324,11,"Entry signals: RSI_RECOVERY, BB_OVERSOLD, HIGH_VOLUME",TRAILING_STOP: -0.48%,993927.2500000002
IIFWEA,2025-08-11 11:50:00,2025-08-11 12:30:00,1031.9,1031.0,144,148593.6,148464.0,-129.60000000000582,-0.08721775365830414,8,"Entry signals: RSI_RECOVERY, MACD_POSITIVE, BB_OVERSOLD",TRAILING_STOP: -0.09%,993797.6500000003
IIFWEA,2025-08-11 12:40:00,2025-08-11 14:15:00,1028.6,1039.5,144,148118.4,149688.0,1569.6000000000058,1.0596927863114953,19,"Entry signals: RSI_RECOVERY, BB_OVERSOLD, HIGH_VOLUME",TRAILING_STOP: 1.06%,995367.2500000002
IIFWEA,2025-08-12 09:20:00,2025-08-12 09:35:00,1034.9,1032.2,144,149025.6,148636.80000000002,-388.79999999998836,-0.260894772441774,3,"Entry signals: RSI_RECOVERY, BB_OVERSOLD, HIGH_VOLUME",TRAILING_STOP: -0.26%,994978.4500000003
IIFWEA,2025-08-12 09:50:00,2025-08-12 10:30:00,1031.8,1031.6,144,148579.19999999998,148550.4,-28.79999999998836,-0.01938360147314588,8,"Entry signals: RSI_RECOVERY, BB_OVERSOLD, HIGH_VOLUME",TRAILING_STOP: -0.02%,994949.6500000004
IIFWEA,2025-08-12 11:55:00,2025-08-12 13:15:00,1028.4,1027.7,145,149118.0,149016.5,-101.5,-0.06806690003889537,16,"Entry signals: RSI_RECOVERY, BB_OVERSOLD, HIGH_VOLUME",TRAILING_STOP: -0.07%,994848.1500000004
IIFWEA,2025-08-12 14:35:00,2025-08-12 14:55:00,1022.8,1021.4,145,148306.0,148103.0,-203.0,-0.13687915526007038,4,"Entry signals: RSI_RECOVERY, MACD_POSITIVE, BB_OVERSOLD",TRAILING_STOP: -0.14%,994645.1500000004
IIFWEA,2025-08-12 15:00:00,2025-08-13 09:30:00,1022.5,1027.4,145,148262.5,148973.0,710.5,0.4792176039119804,10,"Entry signals: RSI_RECOVERY, MACD_POSITIVE, BB_OVERSOLD, HIGH_VOLUME",TRAILING_STOP: 0.48%,995355.6500000004
IIFWEA,2025-08-19 09:35:00,2025-08-19 12:40:00,1060.0,1075.8,140,148400.0,150612.0,2212.0,1.4905660377358492,37,"Entry signals: RSI_RECOVERY, BB_OVERSOLD, HIGH_VOLUME","TECHNICAL_EXIT (RSI_OVERBOUGHT, BB_OVERBOUGHT): 1.49%",997567.6500000004
IIFWEA,2025-08-20 11:00:00,2025-08-20 13:40:00,1071.2,1094.2,139,148896.80000000002,152093.80000000002,3197.0,2.1471247199402534,32,"Entry signals: RSI_RECOVERY, BB_OVERSOLD, HIGH_VOLUME",PROFIT_TARGET: 2.15%,1000764.6500000004
IIFWEA,2025-08-21 10:00:00,2025-08-21 11:15:00,1084.1,1084.0,138,149605.8,149592.0,-13.799999999988358,-0.009224241306144788,15,"Entry signals: RSI_RECOVERY, BB_OVERSOLD, HIGH_VOLUME",TRAILING_STOP: -0.01%,1000750.8500000003
IIFWEA,2025-08-21 11:25:00,2025-08-21 12:00:00,1082.0,1075.7,138,149316.0,148446.6,-869.3999999999942,-0.5822550831792936,7,"Entry signals: RSI_RECOVERY, BB_OVERSOLD, HIGH_VOLUME",TRAILING_STOP: -0.58%,999881.4500000003
IIFWEA,2025-08-21 12:05:00,2025-08-21 15:30:00,1081.6,1077.9,138,149260.8,148750.2,-510.5999999999767,-0.3420857988165525,41,"Entry signals: RSI_RECOVERY, BB_OVERSOLD, HIGH_VOLUME",TRAILING_STOP: -0.34%,999370.8500000003
IIFWEA,2025-08-22 13:45:00,2025-08-25 10:05:00,1079.2,1081.0,138,148929.6,149178.0,248.39999999999418,0.16679021497405094,32,"Entry signals: RSI_RECOVERY, MACD_POSITIVE, BB_OVERSOLD",TRAILING_STOP: 0.17%,999619.2500000003
IIFWEA,2025-08-25 10:50:00,2025-08-25 11:15:00,1078.6,1073.3,139,149925.4,149188.69999999998,-736.7000000000116,-0.4913777118487005,5,"Entry signals: RSI_RECOVERY, BB_OVERSOLD, HIGH_VOLUME",TRAILING_STOP: -0.49%,998882.5500000003
IIFWEA,2025-08-26 09:45:00,2025-08-26 10:45:00,1090.2,1088.4,137,149357.4,149110.80000000002,-246.59999999997672,-0.16510731975782703,12,"Entry signals: RSI_RECOVERY, BB_OVERSOLD, HIGH_VOLUME",TRAILING_STOP: -0.17%,998635.9500000003
IIFWEA,2025-08-26 12:15:00,2025-08-26 14:55:00,1087.0,1091.4,137,148919.0,149521.80000000002,602.8000000000175,0.40478380864766583,32,"Entry signals: RSI_RECOVERY, BB_OVERSOLD, HIGH_VOLUME",TRAILING_STOP: 0.40%,999238.7500000003
IIFWEA,2025-08-26 15:05:00,2025-08-28 09:15:00,1089.7,1072.4,137,149288.9,146918.80000000002,-2370.0999999999767,-1.5875929154813098,6,"Entry signals: RSI_RECOVERY, BB_OVERSOLD, HIGH_VOLUME",STOP_LOSS: -1.59%,996868.6500000004
IIFWEA,2025-08-28 11:20:00,2025-08-28 13:00:00,1050.4,1045.5,142,149156.80000000002,148461.0,-695.8000000000175,-0.4664889565879782,20,"Entry signals: RSI_RECOVERY, MACD_POSITIVE, BB_OVERSOLD",TRAILING_STOP: -0.47%,996172.8500000003
IIFWEA,2025-08-28 13:05:00,2025-08-28 15:00:00,1045.0,1043.4,142,148390.0,148162.80000000002,-227.19999999998254,-0.15311004784687818,23,"Entry signals: RSI_RECOVERY, BB_OVERSOLD, HIGH_VOLUME",TRAILING_STOP: -0.15%,995945.6500000004
IIFWEA,2025-08-29 12:05:00,2025-08-29 12:45:00,1034.4,1033.8,144,148953.6,148867.19999999998,-86.40000000002328,-0.05800464037124533,8,"Entry signals: RSI_RECOVERY, BB_OVERSOLD, HIGH_VOLUME",TRAILING_STOP: -0.06%,995859.2500000003
IIFWEA,2025-08-29 12:55:00,2025-08-29 14:00:00,1030.4,1019.3,144,148377.6,146779.19999999998,-1598.4000000000233,-1.0772515527950466,13,"Entry signals: RSI_RECOVERY, BB_OVERSOLD, HIGH_VOLUME",STOP_LOSS: -1.08%,994260.8500000003
IIFWEA,2025-08-29 14:30:00,2025-09-01 10:20:00,1020.1,1027.5,146,148934.6,150015.0,1080.3999999999942,0.7254190765611175,26,"Entry signals: RSI_RECOVERY, MACD_POSITIVE, BB_OVERSOLD",TRAILING_STOP: 0.73%,995341.2500000003
IIFWEA,2025-09-01 11:50:00,2025-09-01 15:00:00,1021.7,1031.0,146,149168.2,150526.0,1357.7999999999884,0.910247626504837,38,"Entry signals: RSI_RECOVERY, BB_OVERSOLD, HIGH_VOLUME","TECHNICAL_EXIT (MACD_NEGATIVE, BB_OVERBOUGHT): 0.91%",996699.0500000003
IIFWEA,2025-09-02 09:20:00,2025-09-02 12:00:00,1028.0,1043.8,145,149060.0,151351.0,2291.0,1.536964980544747,32,"Entry signals: RSI_RECOVERY, BB_OVERSOLD, HIGH_VOLUME","TECHNICAL_EXIT (MACD_NEGATIVE, BB_OVERBOUGHT): 1.54%",998990.0500000003
IIFWEA,2025-09-03 09:15:00,2025-09-03 09:25:00,1024.6,1013.8,146,149591.59999999998,148014.8,-1576.7999999999884,-1.0540698809291353,2,"Entry signals: RSI_RECOVERY, MACD_POSITIVE, BB_OVERSOLD",STOP_LOSS: -1.05%,997413.2500000002
IIFWEA,2025-09-03 09:30:00,2025-09-03 11:20:00,1016.6,1037.1,147,149440.2,152453.69999999998,3013.499999999971,2.0165256738146566,22,"Entry signals: RSI_RECOVERY, BB_OVERSOLD, HIGH_VOLUME",PROFIT_TARGET: 2.02%,1000426.7500000002
IIFWEA,2025-09-04 10:30:00,2025-09-04 15:10:00,1036.0,1029.1,144,149184.0,148190.4,-993.6000000000058,-0.6660231660231699,56,"Entry signals: RSI_RECOVERY, BB_OVERSOLD, HIGH_VOLUME",TRAILING_STOP: -0.67%,999433.1500000003
IIFWEA,2025-09-05 10:55:00,2025-09-05 12:20:00,1033.1,1030.7,145,149799.5,149451.5,-348.0,-0.2323105217307134,17,"Entry signals: RSI_RECOVERY, BB_OVERSOLD, HIGH_VOLUME",TRAILING_STOP: -0.23%,999085.1500000003
IIFWEA,2025-09-08 11:20:00,2025-09-08 13:30:00,1044.9,1044.8,143,149420.7,149406.4,-14.300000000017462,-0.009570293808031594,26,"Entry signals: RSI_RECOVERY, BB_OVERSOLD, HIGH_VOLUME",TRAILING_STOP: -0.01%,999070.8500000002
IIFWEA,2025-09-08 15:30:00,2025-09-09 09:25:00,1040.0,1038.9,144,149760.0,149601.6,-158.39999999999418,-0.10576923076922688,3,"Entry signals: RSI_RECOVERY, BB_OVERSOLD, HIGH_VOLUME",TRAILING_STOP: -0.11%,998912.4500000002
IIFWEA,2025-09-09 10:50:00,2025-09-09 15:20:00,1040.5,1042.7,144,149832.0,150148.80000000002,316.80000000001746,0.21143680922634514,54,"Entry signals: RSI_RECOVERY, BB_OVERSOLD, HIGH_VOLUME",TRAILING_STOP: 0.21%,999229.2500000002
IIFWEA,2025-09-09 15:25:00,2025-09-10 10:40:00,1041.2,1062.3,143,148891.6,151908.9,3017.2999999999884,2.0265078755282286,19,"Entry signals: RSI_RECOVERY, BB_OVERSOLD, HIGH_VOLUME",PROFIT_TARGET: 2.03%,1002246.5500000003
IIFWEA,2025-09-10 13:00:00,2025-09-10 14:20:00,1052.4,1073.6,142,149440.80000000002,152451.19999999998,3010.399999999965,2.014443177499026,16,"Entry signals: RSI_RECOVERY, BB_OVERSOLD, HIGH_VOLUME",PROFIT_TARGET: 2.01%,1005256.9500000002
IIFWEA,2025-09-11 10:55:00,2025-09-11 13:20:00,1061.5,1061.0,142,150733.0,150662.0,-71.0,-0.047103155911446065,29,"Entry signals: RSI_RECOVERY, MACD_POSITIVE, HIGH_VOLUME",TRAILING_STOP: -0.05%,1005185.9500000002
IIFWEA,2025-09-11 13:30:00,2025-09-11 14:00:00,1060.4,1054.5,142,150576.80000000002,149739.0,-837.8000000000175,-0.556393813655236,6,"Entry signals: RSI_RECOVERY, BB_OVERSOLD, HIGH_VOLUME",TRAILING_STOP: -0.56%,1004348.1500000001
IIFWEA,2025-09-11 15:05:00,2025-09-12 11:00:00,1056.5,1056.0,142,150023.0,149952.0,-71.0,-0.047326076668244205,27,"Entry signals: RSI_RECOVERY, MACD_POSITIVE, BB_OVERSOLD",TRAILING_STOP: -0.05%,1004277.1500000001
IIFWEA,2025-09-12 12:20:00,2025-09-12 12:40:00,1054.5,1048.9,142,149739.0,148943.80000000002,-795.1999999999825,-0.5310573731626247,4,"Entry signals: RSI_RECOVERY, BB_OVERSOLD, HIGH_VOLUME",TRAILING_STOP: -0.53%,1003481.9500000002
IIFWEA,2025-09-12 12:45:00,2025-09-12 15:15:00,1049.6,1069.1,143,150092.8,152881.3,2788.5,1.8578506097560978,30,"Entry signals: RSI_RECOVERY, BB_OVERSOLD, HIGH_VOLUME","TECHNICAL_EXIT (RSI_OVERBOUGHT, BB_OVERBOUGHT): 1.86%",1006270.4500000002
IIFWEA,2025-09-15 10:10:00,2025-09-15 12:10:00,1066.3,1062.5,141,150348.3,149812.5,-535.7999999999884,-0.356372503047915,24,"Entry signals: RSI_RECOVERY, MACD_POSITIVE, HIGH_VOLUME",TRAILING_STOP: -0.36%,1005734.6500000001
IIFWEA,2025-09-16 15:30:00,2025-09-17 11:40:00,1083.0,1102.6,139,150537.0,153261.4,2724.399999999994,1.8097876269621382,30,"Entry signals: RSI_RECOVERY, MACD_POSITIVE, BB_OVERSOLD, HIGH_VOLUME","TECHNICAL_EXIT (RSI_OVERBOUGHT, BB_OVERBOUGHT): 1.81%",1008459.0500000002
IIFWEA,2025-09-18 09:50:00,2025-09-19 09:20:00,1100.7,1091.2,137,150795.9,149494.4,-1301.5,-0.8630871263741257,70,"Entry signals: RSI_RECOVERY, BB_OVERSOLD, HIGH_VOLUME",TRAILING_STOP: -0.86%,1007157.5500000002
IIFWEA,2025-09-19 09:25:00,2025-09-19 09:55:00,1092.1,1088.8,138,150709.8,150254.4,-455.3999999999942,-0.30217013094038625,6,"Entry signals: RSI_RECOVERY, BB_OVERSOLD, HIGH_VOLUME",TRAILING_STOP: -0.30%,1006702.1500000003
IIFWEA,2025-09-19 10:05:00,2025-09-19 11:10:00,1089.5,1085.4,138,150351.0,149785.2,-565.7999999999884,-0.37631941257456775,13,"Entry signals: RSI_RECOVERY, BB_OVERSOLD, HIGH_VOLUME",TRAILING_STOP: -0.38%,1006136.3500000003
IIFWEA,2025-09-19 11:20:00,2025-09-19 14:20:00,1085.7,1078.5,139,150912.30000000002,149911.5,-1000.8000000000175,-0.6631666206134406,36,"Entry signals: RSI_RECOVERY, BB_OVERSOLD, HIGH_VOLUME",TRAILING_STOP: -0.66%,1005135.5500000003
IIFWEA,2025-09-19 15:00:00,2025-09-22 09:15:00,1078.7,1077.7,139,149939.30000000002,149800.30000000002,-139.0,-0.09270418095856121,7,"Entry signals: RSI_RECOVERY, BB_OVERSOLD, HIGH_VOLUME",TRAILING_STOP: -0.09%,1004996.5500000003
IIFWEA,2025-09-22 11:05:00,2025-09-22 11:20:00,1076.2,1069.5,140,150668.0,149730.0,-938.0,-0.622560862293254,3,"Entry signals: RSI_RECOVERY, MACD_POSITIVE, BB_OVERSOLD",TRAILING_STOP: -0.62%,1004058.5500000003
IIFWEA,2025-09-22 12:15:00,2025-09-22 13:05:00,1069.6,1058.3,140,149744.0,148162.0,-1582.0,-1.056469708302169,10,"Entry signals: RSI_RECOVERY, MACD_POSITIVE, BB_OVERSOLD",STOP_LOSS: -1.06%,1002476.5500000003
IIFWEA,2025-09-22 14:00:00,2025-09-23 09:20:00,1055.4,1044.5,142,149866.80000000002,148319.0,-1547.8000000000175,-1.0327837786621301,20,"Entry signals: MACD_POSITIVE, BB_OVERSOLD, HIGH_VOLUME",STOP_LOSS: -1.03%,1000928.7500000002
IIFWEA,2025-09-23 09:30:00,2025-09-23 10:50:00,1041.4,1038.7,144,149961.6,149572.80000000002,-388.79999999998836,-0.2592663721912732,16,"Entry signals: RSI_RECOVERY, BB_OVERSOLD, HIGH_VOLUME",TRAILING_STOP: -0.26%,1000539.9500000003
IIFWEA,2025-09-23 12:50:00,2025-09-23 13:10:00,1029.3,1023.9,145,149248.5,148465.5,-783.0,-0.5246283882250072,4,"Entry signals: MACD_POSITIVE, BB_OVERSOLD, HIGH_VOLUME",TRAILING_STOP: -0.52%,999756.9500000003
IIFWEA,2025-09-23 13:15:00,2025-09-23 14:00:00,1024.9,1024.4,146,149635.40000000002,149562.40000000002,-73.0,-0.04878524734120401,9,"Entry signals: RSI_RECOVERY, BB_OVERSOLD, HIGH_VOLUME",TRAILING_STOP: -0.05%,999683.9500000003
IIFWEA,2025-09-23 14:50:00,2025-09-24 09:20:00,1024.2,1007.5,146,149533.2,147095.0,-2438.2000000000116,-1.6305409099785273,10,"Entry signals: RSI_RECOVERY, MACD_POSITIVE, BB_OVERSOLD",STOP_LOSS: -1.63%,997245.7500000002
IIFWEA,2025-09-25 09:20:00,2025-09-25 11:15:00,1018.2,1020.3,146,148657.2,148963.8,306.5999999999767,0.20624631703003737,23,"Entry signals: RSI_RECOVERY, BB_OVERSOLD, HIGH_VOLUME",TRAILING_STOP: 0.21%,997552.3500000003
IIFWEA,2025-09-25 15:30:00,2025-09-26 09:20:00,1022.1,1017.8,146,149226.6,148598.8,-627.8000000000175,-0.42070247529597093,2,"Entry signals: RSI_RECOVERY, BB_OVERSOLD, HIGH_VOLUME",TRAILING_STOP: -0.42%,996924.5500000003
IIFWEA,2025-09-26 09:25:00,2025-09-26 11:45:00,1015.2,1004.0,147,149234.4,147588.0,-1646.3999999999942,-1.1032308904649293,28,"Entry signals: RSI_RECOVERY, BB_OVERSOLD, HIGH_VOLUME",STOP_LOSS: -1.10%,995278.1500000003
IIFWEA,2025-09-26 12:00:00,2025-09-26 14:15:00,1008.6,1008.6,148,149272.80000000002,149272.80000000002,0.0,0.0,27,"Entry signals: RSI_RECOVERY, MACD_POSITIVE, HIGH_VOLUME",TRAILING_STOP: 0.00%,995278.1500000003
IIFWEA,2025-09-26 14:20:00,2025-09-26 15:00:00,1013.5,1002.5,147,148984.5,147367.5,-1617.0,-1.0853478046373952,8,"Entry signals: RSI_RECOVERY, BB_OVERSOLD, HIGH_VOLUME",STOP_LOSS: -1.09%,993661.1500000003
IIFWEA,2025-09-29 10:55:00,2025-09-29 11:15:00,1021.5,1021.7,145,148117.5,148146.5,29.0,0.01957905041605482,4,"Entry signals: RSI_RECOVERY, BB_OVERSOLD, HIGH_VOLUME",TRAILING_STOP: 0.02%,993690.1500000003
IIFWEA,2025-09-29 12:55:00,2025-09-29 14:45:00,1017.3,1028.5,146,148525.8,150161.0,1635.2000000000116,1.1009535043743321,22,"Entry signals: RSI_RECOVERY, BB_OVERSOLD, HIGH_VOLUME",TRAILING_STOP: 1.10%,995325.3500000003
IIFWEA,2025-09-30 11:05:00,2025-09-30 13:50:00,1020.6,1016.7,146,149007.6,148438.2,-569.3999999999942,-0.38212815990593374,33,"Entry signals: RSI_RECOVERY, BB_OVERSOLD, HIGH_VOLUME",TRAILING_STOP: -0.38%,994755.9500000004
IIFWEA,2025-10-01 09:55:00,2025-10-01 11:35:00,1020.3,1014.2,146,148963.8,148073.2,-890.5999999999767,-0.5978633735175773,20,"Entry signals: RSI_RECOVERY, BB_OVERSOLD, HIGH_VOLUME",TRAILING_STOP: -0.60%,993865.3500000003
